{
  "" : {
    "transaction" : "",
    "sampleCount" : 20,
    "errorCount" : 20,
    "errorPct" : 100.0,
    "meanResTime" : 0.0,
    "medianResTime" : 0.0,
    "minResTime" : 0.0,
    "maxResTime" : 0.0,
    "pct1ResTime" : 0.0,
    "pct2ResTime" : 0.0,
    "pct3ResTime" : 0.0,
    "throughput" : 4.4414834554741285,
    "receivedKBytesPerSec" : 3.4612341772151898,
    "sentKBytesPerSec" : 0.0
  },
  "Total" : {
    "transaction" : "Total",
    "sampleCount" : 60,
    "errorCount" : 60,
    "errorPct" : 100.0,
    "meanResTime" : 677.7666666666665,
    "medianResTime" : 0.0,
    "minResTime" : 0.0,
    "maxResTime" : 2045.0,
    "pct1ResTime" : 2033.0,
    "pct2ResTime" : 2037.9,
    "pct3ResTime" : 2045.0,
    "throughput" : 9.142160597287825,
    "receivedKBytesPerSec" : 16.673729620600337,
    "sentKBytesPerSec" : 0.0
  },
  "TC_01_Home" : {
    "transaction" : "TC_01_Home",
    "sampleCount" : 20,
    "errorCount" : 20,
    "errorPct" : 100.0,
    "meanResTime" : 2030.45,
    "medianResTime" : 2033.0,
    "minResTime" : 2009.0,
    "maxResTime" : 2045.0,
    "pct1ResTime" : 2043.4,
    "pct2ResTime" : 2044.95,
    "pct3ResTime" : 2045.0,
    "throughput" : 3.0483158055174515,
    "receivedKBytesPerSec" : 8.052435794848346,
    "sentKBytesPerSec" : 0.0
  },
  "TC_03_Cart_Page" : {
    "transaction" : "TC_03_Cart_Page",
    "sampleCount" : 20,
    "errorCount" : 20,
    "errorPct" : 100.0,
    "meanResTime" : 2.8500000000000005,
    "medianResTime" : 0.0,
    "minResTime" : 0.0,
    "maxResTime" : 32.0,
    "pct1ResTime" : 16.300000000000036,
    "pct2ResTime" : 31.29999999999999,
    "pct3ResTime" : 32.0,
    "throughput" : 4.4424700133274095,
    "receivedKBytesPerSec" : 9.109666537094625,
    "sentKBytesPerSec" : 0.0
  }
}